{"train": {"loss": [0.08545590958092361]}, "valid": {"loss": [0.023668276611715555]}}